"aa_subs","collection_date","accession_id","location","counts","region","mutation_name","fraction","per_abundance","ref","pos","alt","continent","country","state","city","VOC"
"Spike_A701V",2020-03-25,"EPI_ISL_447099","North America/USA/Michigan",237564,"Spike","A701V",0.0204635683379592,2.04635683379592,"A",701,"V","North America","USA","Michigan",NA,"Beta"
"Spike_D215G",2020-01-26,"EPI_ISL_451365","Asia/China/Sichuan",38383,"Spike","D215G",0.00330628017509339,0.330628017509339,"D",215,"G","Asia","China","Sichuan",NA,"Beta"
"Spike_D614G",2020-01-01,"EPI_ISL_4405694","South America/Argentina/Buenos Aires/Exaltaci<U+00F3>n de la Cruz",11551573,"Spike","D614G",0.995043034704012,99.5043034704012,"D",614,"G","South America","Argentina","Buenos Aires","Exaltaci<U+00F3>n de la Cruz","Beta"
"Spike_D80A",2020-02-18,"EPI_ISL_10980369","Africa/Zambia/Choma/Macha",35531,"Spike","D80A",0.00306061123156718,0.306061123156718,"D",80,"A","Africa","Zambia","Choma","Macha","Beta"
"Spike_E484K",2020-01-14,"EPI_ISL_2716627","Africa/Sierra Leone",218326,"Spike","E484K",0.0188064227785071,1.88064227785071,"E",484,"K","Africa","Sierra Leone",NA,NA,"Beta"
"Spike_K417N",2020-02-18,"EPI_ISL_10980369","Africa/Zambia/Choma/Macha",4679852,"Spike","K417N",0.403118617355891,40.3118617355891,"K",417,"N","Africa","Zambia","Choma","Macha","Beta"
"Spike_L18F",2020-01-28,"EPI_ISL_3364539","North America/USA/New York",220972,"Spike","L18F",0.0190343470507969,1.90343470507969,"L",18,"F","North America","USA","New York",NA,"Beta"
"Spike_N501Y",2020-02-07,"EPI_ISL_1603195","Europe/Spain/Castilla y Leon",6279437,"Spike","N501Y",0.540905558811138,54.0905558811138,"N",501,"Y","Europe","Spain","Castilla y Leon",NA,"Beta"
"Spike_R246I",2020-03-23,"EPI_ISL_429493","Europe/Denmark",1205,"Spike","R246I",0.00010379771281524,0.0103797712815245,"R",246,"I","Europe","Denmark",NA,NA,"Beta"
"Spike_D138Y",2020-01-29,"EPI_ISL_2426018","Europe/Norway/Oslo",118758,"Spike","D138Y",0.0102297168286413,1.02297168286413,"D",138,"Y","Europe","Norway","Oslo",NA,"Gamma"
"Spike_E484K",2020-01-14,"EPI_ISL_2716627","Africa/Sierra Leone",218326,"Spike","E484K",0.0188064227785071,1.88064227785071,"E",484,"K","Africa","Sierra Leone",NA,NA,"Gamma"
"Spike_H655Y",2020-01-27,"EPI_ISL_17121378","North America/USA/Oklahoma/Oklahoma City",5601471,"Spike","H655Y",0.482506122988316,48.2506122988316,"H",655,"Y","North America","USA","Oklahoma","Oklahoma City","Gamma"
"Spike_K417T",2020-04-07,"EPI_ISL_2249957","North America/USA/Illinois",124770,"Spike","K417T",0.0107475855833677,1.07475855833677,"K",417,"T","North America","USA","Illinois",NA,"Gamma"
"Spike_L18F",2020-01-28,"EPI_ISL_3364539","North America/USA/New York",220972,"Spike","L18F",0.0190343470507969,1.90343470507969,"L",18,"F","North America","USA","New York",NA,"Gamma"
"Spike_N501Y",2020-02-07,"EPI_ISL_1603195","Europe/Spain/Castilla y Leon",6279437,"Spike","N501Y",0.540905558811138,54.0905558811138,"N",501,"Y","Europe","Spain","Castilla y Leon",NA,"Gamma"
"Spike_P26S",2020-03-06,"EPI_ISL_491438","North America/Costa Rica/Alajuela",124148,"Spike","P26S",0.0106940070129353,1.06940070129353,"P",26,"S","North America","Costa Rica","Alajuela",NA,"Gamma"
"Spike_R190S",2020-03-27,"EPI_ISL_803888","Europe/Italy/Tuscany",106901,"Spike","R190S",0.00920836456237549,0.920836456237549,"R",190,"S","Europe","Italy","Tuscany",NA,"Gamma"
"Spike_T1027I",2020-03-10,"EPI_ISL_3458197","North America/Canada/Quebec",119912,"Spike","T1027I",0.0103291214432379,1.03291214432379,"T",1027,"I","North America","Canada","Quebec",NA,"Gamma"
"Spike_T20N",2020-04-07,"EPI_ISL_2249957","North America/USA/Illinois",108368,"Spike","T20N",0.00933473074054974,0.933473074054974,"T",20,"N","North America","USA","Illinois",NA,"Gamma"
"Spike_V1176F",2020-02-10,"EPI_ISL_17179369","South America/Brazil/Sao Paulo",130776,"Spike","V1176F",0.0112649375030095,1.12649375030095,"V",1176,"F","South America","Brazil","Sao Paulo",NA,"Gamma"
